{"entities":{"pages":{"Project Overview":{"id":"Project Overview","title":"Project Overview","url":"project-overview.html","level":0,"tabIndex":0},"Objectives":{"id":"Objectives","title":"Objectives","url":"objectives.html","level":0,"tabIndex":1},"Technologies Used":{"id":"Technologies Used","title":"Technologies Used","url":"technologies-used.html","level":0,"tabIndex":2},"Environment Setup":{"id":"Environment Setup","title":"Environment Setup","url":"environment-setup.html","level":0,"tabIndex":3},"Dependencies Installation":{"id":"Dependencies Installation","title":"Dependencies Installation","url":"dependencies-installation.html","level":0,"tabIndex":4},"Project Structure":{"id":"Project Structure","title":"Project Structure","url":"project-structure.html","level":0,"tabIndex":5},"Flask Application Setup":{"id":"Flask Application Setup","title":"Flask Application Setup","url":"flask-application-setup.html","level":0,"tabIndex":6},"Resume Parsing with SpaCy":{"id":"Resume Parsing with SpaCy","title":"Résumé Parsing with SpaCy","url":"resume-parsing-with-spacy.html","level":0,"tabIndex":7},"Database Setup with SQLAlchemy":{"id":"Database Setup with SQLAlchemy","title":"Database Setup with SQLAlchemy","url":"database-setup-with-sqlalchemy.html","level":0,"tabIndex":8},"Routes and Views":{"id":"Routes and Views","title":"Routes and Views","url":"routes-and-views.html","level":0,"tabIndex":9},"Test Cases":{"id":"Test Cases","title":"Test Cases","url":"test-cases.html","level":0,"tabIndex":10},"Running Tests":{"id":"Running Tests","title":"\u003cRunning Tests.md\u003e","level":0,"tabIndex":11},"Upcoming Features":{"id":"Upcoming Features","title":"Upcoming Features","url":"upcoming-features.html","level":0,"tabIndex":12},"Future Sprints":{"id":"Future Sprints","title":"Future Sprints","url":"future-sprints.html","level":0,"tabIndex":13},"Completed Tasks":{"id":"Completed Tasks","title":"\u003cCompleted Tasks.md\u003e","level":0,"tabIndex":14},"Sprint Retrospective":{"id":"Sprint Retrospective","title":"Sprint Retrospective","url":"sprint-retrospective.html","level":0,"tabIndex":15},"Completed task":{"id":"Completed task","title":"Completed Tasks","url":"completed-task.html","level":0,"tabIndex":16},"Running Test":{"id":"Running Test","title":"Running Tests","url":"running-test.html","level":0,"tabIndex":17}}},"topLevelIds":["Project Overview","Objectives","Technologies Used","Environment Setup","Dependencies Installation","Project Structure","Flask Application Setup","Resume Parsing with SpaCy","Database Setup with SQLAlchemy","Routes and Views","Test Cases","Running Tests","Upcoming Features","Future Sprints","Completed Tasks","Sprint Retrospective","Completed task","Running Test"]}